IntervalTree.java,intervals.IntervalTree,org.pitest.mutationtest.engine.gregor.mutators.NegateConditionalsMutator,<init>,125,KILLED,IntervalTreeTest.testNullExpression(IntervalTreeTest)
IntervalTree.java,intervals.IntervalTree,org.pitest.mutationtest.engine.gregor.mutators.NegateConditionalsMutator,<init>,125,KILLED,IntervalTreeTest.testSingleInterval(IntervalTreeTest)
IntervalTree.java,intervals.IntervalTree,org.pitest.mutationtest.engine.gregor.mutators.RemoveConditionalMutator_EQUAL_ELSE,<init>,125,KILLED,IntervalTreeTest.testSingleInterval(IntervalTreeTest)
IntervalTree.java,intervals.IntervalTree,org.pitest.mutationtest.engine.gregor.mutators.RemoveConditionalMutator_EQUAL_ELSE,<init>,125,SURVIVED,none
IntervalTree.java,intervals.IntervalTree,org.pitest.mutationtest.engine.gregor.mutators.RemoveConditionalMutator_EQUAL_IF,<init>,125,KILLED,IntervalTreeTest.testNullExpression(IntervalTreeTest)
IntervalTree.java,intervals.IntervalTree,org.pitest.mutationtest.engine.gregor.mutators.RemoveConditionalMutator_EQUAL_IF,<init>,125,KILLED,IntervalTreeTest.testSingleInterval(IntervalTreeTest)
IntervalTree.java,intervals.IntervalTree,org.pitest.mutationtest.engine.gregor.mutators.returns.NullReturnValsMutator,evaluate,225,KILLED,IntervalTreeTest.testSingleInterval(IntervalTreeTest)
IntervalTree.java,intervals.IntervalTree,org.pitest.mutationtest.engine.gregor.mutators.NegateConditionalsMutator,isOperator,220,KILLED,IntervalTreeTest.testSingleInterval(IntervalTreeTest)
IntervalTree.java,intervals.IntervalTree,org.pitest.mutationtest.engine.gregor.mutators.NegateConditionalsMutator,isOperator,220,KILLED,IntervalTreeTest.testSingleInterval(IntervalTreeTest)
IntervalTree.java,intervals.IntervalTree,org.pitest.mutationtest.engine.gregor.mutators.RemoveConditionalMutator_EQUAL_ELSE,isOperator,220,KILLED,IntervalTreeTest.testSingleInterval(IntervalTreeTest)
IntervalTree.java,intervals.IntervalTree,org.pitest.mutationtest.engine.gregor.mutators.RemoveConditionalMutator_EQUAL_ELSE,isOperator,220,KILLED,IntervalTreeTest.testChainedIntersections(IntervalTreeTest)
IntervalTree.java,intervals.IntervalTree,org.pitest.mutationtest.engine.gregor.mutators.RemoveConditionalMutator_EQUAL_IF,isOperator,220,KILLED,IntervalTreeTest.testVeryLongExpression(IntervalTreeTest)
IntervalTree.java,intervals.IntervalTree,org.pitest.mutationtest.engine.gregor.mutators.RemoveConditionalMutator_EQUAL_IF,isOperator,220,KILLED,IntervalTreeTest.testSingleInterval(IntervalTreeTest)
IntervalTree.java,intervals.IntervalTree,org.pitest.mutationtest.engine.gregor.mutators.returns.BooleanTrueReturnValsMutator,isOperator,220,KILLED,IntervalTreeTest.testSingleInterval(IntervalTreeTest)
IntervalTree.java,intervals.IntervalTree,org.pitest.mutationtest.engine.gregor.mutators.MathMutator,parseInterval,192,KILLED,IntervalTreeTest.testSingleInterval(IntervalTreeTest)
IntervalTree.java,intervals.IntervalTree,org.pitest.mutationtest.engine.gregor.mutators.MathMutator,parseInterval,198,KILLED,IntervalTreeTest.testInvalidIntervalFormat4(IntervalTreeTest)
IntervalTree.java,intervals.IntervalTree,org.pitest.mutationtest.engine.gregor.mutators.NegateConditionalsMutator,parseInterval,187,KILLED,IntervalTreeTest.testInvalidIntervalFormat3(IntervalTreeTest)
IntervalTree.java,intervals.IntervalTree,org.pitest.mutationtest.engine.gregor.mutators.NegateConditionalsMutator,parseInterval,192,KILLED,IntervalTreeTest.testSingleInterval(IntervalTreeTest)
IntervalTree.java,intervals.IntervalTree,org.pitest.mutationtest.engine.gregor.mutators.NegateConditionalsMutator,parseInterval,201,KILLED,IntervalTreeTest.testSingleInterval(IntervalTreeTest)
IntervalTree.java,intervals.IntervalTree,org.pitest.mutationtest.engine.gregor.mutators.NegateConditionalsMutator,parseInterval,201,KILLED,IntervalTreeTest.testSingleInterval(IntervalTreeTest)
IntervalTree.java,intervals.IntervalTree,org.pitest.mutationtest.engine.gregor.mutators.RemoveConditionalMutator_EQUAL_ELSE,parseInterval,187,KILLED,IntervalTreeTest.testInvalidIntervalFormat3(IntervalTreeTest)
IntervalTree.java,intervals.IntervalTree,org.pitest.mutationtest.engine.gregor.mutators.RemoveConditionalMutator_EQUAL_ELSE,parseInterval,192,SURVIVED,none
IntervalTree.java,intervals.IntervalTree,org.pitest.mutationtest.engine.gregor.mutators.RemoveConditionalMutator_EQUAL_ELSE,parseInterval,201,KILLED,IntervalTreeTest.testSingleInterval(IntervalTreeTest)
IntervalTree.java,intervals.IntervalTree,org.pitest.mutationtest.engine.gregor.mutators.RemoveConditionalMutator_EQUAL_ELSE,parseInterval,201,SURVIVED,none
IntervalTree.java,intervals.IntervalTree,org.pitest.mutationtest.engine.gregor.mutators.RemoveConditionalMutator_EQUAL_IF,parseInterval,187,KILLED,IntervalTreeTest.testSingleInterval(IntervalTreeTest)
IntervalTree.java,intervals.IntervalTree,org.pitest.mutationtest.engine.gregor.mutators.RemoveConditionalMutator_EQUAL_IF,parseInterval,192,KILLED,IntervalTreeTest.testSingleInterval(IntervalTreeTest)
IntervalTree.java,intervals.IntervalTree,org.pitest.mutationtest.engine.gregor.mutators.RemoveConditionalMutator_EQUAL_IF,parseInterval,201,SURVIVED,none
IntervalTree.java,intervals.IntervalTree,org.pitest.mutationtest.engine.gregor.mutators.RemoveConditionalMutator_EQUAL_IF,parseInterval,201,KILLED,IntervalTreeTest.testSingleInterval(IntervalTreeTest)
IntervalTree.java,intervals.IntervalTree,org.pitest.mutationtest.engine.gregor.mutators.returns.NullReturnValsMutator,parseInterval,208,KILLED,IntervalTreeTest.testSingleInterval(IntervalTreeTest)
IntervalTree.java,intervals.IntervalTree,org.pitest.mutationtest.engine.gregor.mutators.ConditionalsBoundaryMutator,parsePostfix,145,KILLED,IntervalTreeTest.testVeryLongExpression(IntervalTreeTest)
IntervalTree.java,intervals.IntervalTree,org.pitest.mutationtest.engine.gregor.mutators.NegateConditionalsMutator,parsePostfix,143,KILLED,IntervalTreeTest.testSingleInterval(IntervalTreeTest)
IntervalTree.java,intervals.IntervalTree,org.pitest.mutationtest.engine.gregor.mutators.NegateConditionalsMutator,parsePostfix,145,KILLED,IntervalTreeTest.testOnlyOperator(IntervalTreeTest)
IntervalTree.java,intervals.IntervalTree,org.pitest.mutationtest.engine.gregor.mutators.NegateConditionalsMutator,parsePostfix,165,KILLED,IntervalTreeTest.testSingleInterval(IntervalTreeTest)
IntervalTree.java,intervals.IntervalTree,org.pitest.mutationtest.engine.gregor.mutators.NegateConditionalsMutator,parsePostfix,166,SURVIVED,none
IntervalTree.java,intervals.IntervalTree,org.pitest.mutationtest.engine.gregor.mutators.RemoveConditionalMutator_EQUAL_ELSE,parsePostfix,143,KILLED,IntervalTreeTest.testVeryLongExpression(IntervalTreeTest)
IntervalTree.java,intervals.IntervalTree,org.pitest.mutationtest.engine.gregor.mutators.RemoveConditionalMutator_EQUAL_ELSE,parsePostfix,165,KILLED,IntervalTreeTest.testTooManyOperands(IntervalTreeTest)
IntervalTree.java,intervals.IntervalTree,org.pitest.mutationtest.engine.gregor.mutators.RemoveConditionalMutator_EQUAL_ELSE,parsePostfix,166,SURVIVED,none
IntervalTree.java,intervals.IntervalTree,org.pitest.mutationtest.engine.gregor.mutators.RemoveConditionalMutator_EQUAL_IF,parsePostfix,143,KILLED,IntervalTreeTest.testSingleInterval(IntervalTreeTest)
IntervalTree.java,intervals.IntervalTree,org.pitest.mutationtest.engine.gregor.mutators.RemoveConditionalMutator_EQUAL_IF,parsePostfix,165,KILLED,IntervalTreeTest.testSingleInterval(IntervalTreeTest)
IntervalTree.java,intervals.IntervalTree,org.pitest.mutationtest.engine.gregor.mutators.RemoveConditionalMutator_EQUAL_IF,parsePostfix,166,SURVIVED,none
IntervalTree.java,intervals.IntervalTree,org.pitest.mutationtest.engine.gregor.mutators.RemoveConditionalMutator_ORDER_ELSE,parsePostfix,145,KILLED,IntervalTreeTest.testOnlyOperator(IntervalTreeTest)
IntervalTree.java,intervals.IntervalTree,org.pitest.mutationtest.engine.gregor.mutators.RemoveConditionalMutator_ORDER_IF,parsePostfix,145,KILLED,IntervalTreeTest.testVeryLongExpression(IntervalTreeTest)
IntervalTree.java,intervals.IntervalTree,org.pitest.mutationtest.engine.gregor.mutators.returns.NullReturnValsMutator,parsePostfix,174,KILLED,IntervalTreeTest.testSingleInterval(IntervalTreeTest)
ExpressionTree.java,expression.ExpressionTree,org.pitest.mutationtest.engine.gregor.mutators.NegateConditionalsMutator,<init>,167,KILLED,ExpressionTreeTest.testNullExpression(ExpressionTreeTest)
ExpressionTree.java,expression.ExpressionTree,org.pitest.mutationtest.engine.gregor.mutators.NegateConditionalsMutator,<init>,167,KILLED,ExpressionTreeTest.testWhitespaceHandling(ExpressionTreeTest)
ExpressionTree.java,expression.ExpressionTree,org.pitest.mutationtest.engine.gregor.mutators.RemoveConditionalMutator_EQUAL_ELSE,<init>,167,KILLED,ExpressionTreeTest.testWhitespaceHandling(ExpressionTreeTest)
ExpressionTree.java,expression.ExpressionTree,org.pitest.mutationtest.engine.gregor.mutators.RemoveConditionalMutator_EQUAL_ELSE,<init>,167,SURVIVED,none
ExpressionTree.java,expression.ExpressionTree,org.pitest.mutationtest.engine.gregor.mutators.RemoveConditionalMutator_EQUAL_IF,<init>,167,KILLED,ExpressionTreeTest.testNullExpression(ExpressionTreeTest)
ExpressionTree.java,expression.ExpressionTree,org.pitest.mutationtest.engine.gregor.mutators.RemoveConditionalMutator_EQUAL_IF,<init>,167,KILLED,ExpressionTreeTest.testWhitespaceHandling(ExpressionTreeTest)
ExpressionTree.java,expression.ExpressionTree,org.pitest.mutationtest.engine.gregor.mutators.returns.PrimitiveReturnsMutator,evaluate,231,KILLED,ExpressionTreeTest.testWhitespaceHandling(ExpressionTreeTest)
ExpressionTree.java,expression.ExpressionTree,org.pitest.mutationtest.engine.gregor.mutators.NegateConditionalsMutator,isOperator,225,KILLED,ExpressionTreeTest.testWhitespaceHandling(ExpressionTreeTest)
ExpressionTree.java,expression.ExpressionTree,org.pitest.mutationtest.engine.gregor.mutators.NegateConditionalsMutator,isOperator,225,KILLED,ExpressionTreeTest.testWhitespaceHandling(ExpressionTreeTest)
ExpressionTree.java,expression.ExpressionTree,org.pitest.mutationtest.engine.gregor.mutators.NegateConditionalsMutator,isOperator,226,KILLED,ExpressionTreeTest.testWhitespaceHandling(ExpressionTreeTest)
ExpressionTree.java,expression.ExpressionTree,org.pitest.mutationtest.engine.gregor.mutators.NegateConditionalsMutator,isOperator,226,KILLED,ExpressionTreeTest.testWhitespaceHandling(ExpressionTreeTest)
ExpressionTree.java,expression.ExpressionTree,org.pitest.mutationtest.engine.gregor.mutators.RemoveConditionalMutator_EQUAL_ELSE,isOperator,225,KILLED,ExpressionTreeTest.testWhitespaceHandling(ExpressionTreeTest)
ExpressionTree.java,expression.ExpressionTree,org.pitest.mutationtest.engine.gregor.mutators.RemoveConditionalMutator_EQUAL_ELSE,isOperator,225,KILLED,ExpressionTreeTest.testWhitespaceHandling(ExpressionTreeTest)
ExpressionTree.java,expression.ExpressionTree,org.pitest.mutationtest.engine.gregor.mutators.RemoveConditionalMutator_EQUAL_ELSE,isOperator,226,KILLED,ExpressionTreeTest.testWhitespaceHandling(ExpressionTreeTest)
ExpressionTree.java,expression.ExpressionTree,org.pitest.mutationtest.engine.gregor.mutators.RemoveConditionalMutator_EQUAL_ELSE,isOperator,226,KILLED,ExpressionTreeTest.testFractionalDivision(ExpressionTreeTest)
ExpressionTree.java,expression.ExpressionTree,org.pitest.mutationtest.engine.gregor.mutators.RemoveConditionalMutator_EQUAL_IF,isOperator,225,KILLED,ExpressionTreeTest.testWhitespaceHandling(ExpressionTreeTest)
ExpressionTree.java,expression.ExpressionTree,org.pitest.mutationtest.engine.gregor.mutators.RemoveConditionalMutator_EQUAL_IF,isOperator,225,KILLED,ExpressionTreeTest.testZeroInOperations(ExpressionTreeTest)
ExpressionTree.java,expression.ExpressionTree,org.pitest.mutationtest.engine.gregor.mutators.RemoveConditionalMutator_EQUAL_IF,isOperator,226,KILLED,ExpressionTreeTest.testOperatorPrecedenceInPostfix(ExpressionTreeTest)
ExpressionTree.java,expression.ExpressionTree,org.pitest.mutationtest.engine.gregor.mutators.RemoveConditionalMutator_EQUAL_IF,isOperator,226,KILLED,ExpressionTreeTest.testWhitespaceHandling(ExpressionTreeTest)
ExpressionTree.java,expression.ExpressionTree,org.pitest.mutationtest.engine.gregor.mutators.returns.BooleanTrueReturnValsMutator,isOperator,225,KILLED,ExpressionTreeTest.testWhitespaceHandling(ExpressionTreeTest)
ExpressionTree.java,expression.ExpressionTree,org.pitest.mutationtest.engine.gregor.mutators.ConditionalsBoundaryMutator,parsePostfix,187,KILLED,ExpressionTreeTest.testWhitespaceHandling(ExpressionTreeTest)
ExpressionTree.java,expression.ExpressionTree,org.pitest.mutationtest.engine.gregor.mutators.NegateConditionalsMutator,parsePostfix,185,KILLED,ExpressionTreeTest.testWhitespaceHandling(ExpressionTreeTest)
ExpressionTree.java,expression.ExpressionTree,org.pitest.mutationtest.engine.gregor.mutators.NegateConditionalsMutator,parsePostfix,187,KILLED,ExpressionTreeTest.testOnlyOperator(ExpressionTreeTest)
ExpressionTree.java,expression.ExpressionTree,org.pitest.mutationtest.engine.gregor.mutators.NegateConditionalsMutator,parsePostfix,207,KILLED,ExpressionTreeTest.testTooManyOperands(ExpressionTreeTest)
ExpressionTree.java,expression.ExpressionTree,org.pitest.mutationtest.engine.gregor.mutators.NegateConditionalsMutator,parsePostfix,208,SURVIVED,none
ExpressionTree.java,expression.ExpressionTree,org.pitest.mutationtest.engine.gregor.mutators.RemoveConditionalMutator_EQUAL_ELSE,parsePostfix,185,KILLED,ExpressionTreeTest.testWhitespaceHandling(ExpressionTreeTest)
ExpressionTree.java,expression.ExpressionTree,org.pitest.mutationtest.engine.gregor.mutators.RemoveConditionalMutator_EQUAL_ELSE,parsePostfix,207,KILLED,ExpressionTreeTest.testTooManyOperands(ExpressionTreeTest)
ExpressionTree.java,expression.ExpressionTree,org.pitest.mutationtest.engine.gregor.mutators.RemoveConditionalMutator_EQUAL_ELSE,parsePostfix,208,SURVIVED,none
ExpressionTree.java,expression.ExpressionTree,org.pitest.mutationtest.engine.gregor.mutators.RemoveConditionalMutator_EQUAL_IF,parsePostfix,185,KILLED,ExpressionTreeTest.testWhitespaceHandling(ExpressionTreeTest)
ExpressionTree.java,expression.ExpressionTree,org.pitest.mutationtest.engine.gregor.mutators.RemoveConditionalMutator_EQUAL_IF,parsePostfix,207,KILLED,ExpressionTreeTest.testWhitespaceHandling(ExpressionTreeTest)
ExpressionTree.java,expression.ExpressionTree,org.pitest.mutationtest.engine.gregor.mutators.RemoveConditionalMutator_EQUAL_IF,parsePostfix,208,SURVIVED,none
ExpressionTree.java,expression.ExpressionTree,org.pitest.mutationtest.engine.gregor.mutators.RemoveConditionalMutator_ORDER_ELSE,parsePostfix,187,KILLED,ExpressionTreeTest.testOnlyOperator(ExpressionTreeTest)
ExpressionTree.java,expression.ExpressionTree,org.pitest.mutationtest.engine.gregor.mutators.RemoveConditionalMutator_ORDER_IF,parsePostfix,187,KILLED,ExpressionTreeTest.testWhitespaceHandling(ExpressionTreeTest)
ExpressionTree.java,expression.ExpressionTree,org.pitest.mutationtest.engine.gregor.mutators.returns.NullReturnValsMutator,parsePostfix,216,KILLED,ExpressionTreeTest.testWhitespaceHandling(ExpressionTreeTest)
ExpressionTree.java,expression.ExpressionTree$NumberNode,org.pitest.mutationtest.engine.gregor.mutators.returns.PrimitiveReturnsMutator,evaluate,35,KILLED,ExpressionTreeTest.testWhitespaceHandling(ExpressionTreeTest)
ExpressionTree.java,expression.ExpressionTree$NumberNode,org.pitest.mutationtest.engine.gregor.mutators.returns.PrimitiveReturnsMutator,getHeight,67,NO_COVERAGE,none
ExpressionTree.java,expression.ExpressionTree$NumberNode,org.pitest.mutationtest.engine.gregor.mutators.NegateConditionalsMutator,infix,41,SURVIVED,none
ExpressionTree.java,expression.ExpressionTree$NumberNode,org.pitest.mutationtest.engine.gregor.mutators.NegateConditionalsMutator,infix,41,SURVIVED,none
ExpressionTree.java,expression.ExpressionTree$NumberNode,org.pitest.mutationtest.engine.gregor.mutators.RemoveConditionalMutator_EQUAL_ELSE,infix,41,SURVIVED,none
ExpressionTree.java,expression.ExpressionTree$NumberNode,org.pitest.mutationtest.engine.gregor.mutators.RemoveConditionalMutator_EQUAL_ELSE,infix,41,SURVIVED,none
ExpressionTree.java,expression.ExpressionTree$NumberNode,org.pitest.mutationtest.engine.gregor.mutators.RemoveConditionalMutator_EQUAL_IF,infix,41,SURVIVED,none
ExpressionTree.java,expression.ExpressionTree$NumberNode,org.pitest.mutationtest.engine.gregor.mutators.RemoveConditionalMutator_EQUAL_IF,infix,41,SURVIVED,none
ExpressionTree.java,expression.ExpressionTree$NumberNode,org.pitest.mutationtest.engine.gregor.mutators.NegateConditionalsMutator,schemeExpression,50,SURVIVED,none
ExpressionTree.java,expression.ExpressionTree$NumberNode,org.pitest.mutationtest.engine.gregor.mutators.NegateConditionalsMutator,schemeExpression,50,SURVIVED,none
ExpressionTree.java,expression.ExpressionTree$NumberNode,org.pitest.mutationtest.engine.gregor.mutators.RemoveConditionalMutator_EQUAL_ELSE,schemeExpression,50,SURVIVED,none
ExpressionTree.java,expression.ExpressionTree$NumberNode,org.pitest.mutationtest.engine.gregor.mutators.RemoveConditionalMutator_EQUAL_ELSE,schemeExpression,50,SURVIVED,none
ExpressionTree.java,expression.ExpressionTree$NumberNode,org.pitest.mutationtest.engine.gregor.mutators.RemoveConditionalMutator_EQUAL_IF,schemeExpression,50,SURVIVED,none
ExpressionTree.java,expression.ExpressionTree$NumberNode,org.pitest.mutationtest.engine.gregor.mutators.RemoveConditionalMutator_EQUAL_IF,schemeExpression,50,SURVIVED,none
ExpressionTree.java,expression.ExpressionTree$NumberNode,org.pitest.mutationtest.engine.gregor.mutators.NegateConditionalsMutator,textTree,59,SURVIVED,none
ExpressionTree.java,expression.ExpressionTree$NumberNode,org.pitest.mutationtest.engine.gregor.mutators.NegateConditionalsMutator,textTree,59,SURVIVED,none
ExpressionTree.java,expression.ExpressionTree$NumberNode,org.pitest.mutationtest.engine.gregor.mutators.RemoveConditionalMutator_EQUAL_ELSE,textTree,59,SURVIVED,none
ExpressionTree.java,expression.ExpressionTree$NumberNode,org.pitest.mutationtest.engine.gregor.mutators.RemoveConditionalMutator_EQUAL_ELSE,textTree,59,SURVIVED,none
ExpressionTree.java,expression.ExpressionTree$NumberNode,org.pitest.mutationtest.engine.gregor.mutators.RemoveConditionalMutator_EQUAL_IF,textTree,59,SURVIVED,none
ExpressionTree.java,expression.ExpressionTree$NumberNode,org.pitest.mutationtest.engine.gregor.mutators.RemoveConditionalMutator_EQUAL_IF,textTree,59,SURVIVED,none
ExpressionTree.java,expression.ExpressionTree$OperatorNode,org.pitest.mutationtest.engine.gregor.mutators.MathMutator,evaluate,92,KILLED,ExpressionTreeTest.testWhitespaceHandling(ExpressionTreeTest)
ExpressionTree.java,expression.ExpressionTree$OperatorNode,org.pitest.mutationtest.engine.gregor.mutators.MathMutator,evaluate,94,KILLED,ExpressionTreeTest.testComplexExpression3(ExpressionTreeTest)
ExpressionTree.java,expression.ExpressionTree$OperatorNode,org.pitest.mutationtest.engine.gregor.mutators.MathMutator,evaluate,96,KILLED,ExpressionTreeTest.testOperatorPrecedenceInPostfix(ExpressionTreeTest)
ExpressionTree.java,expression.ExpressionTree$OperatorNode,org.pitest.mutationtest.engine.gregor.mutators.MathMutator,evaluate,101,KILLED,ExpressionTreeTest.testFractionalDivision(ExpressionTreeTest)
ExpressionTree.java,expression.ExpressionTree$OperatorNode,org.pitest.mutationtest.engine.gregor.mutators.NegateConditionalsMutator,evaluate,98,KILLED,ExpressionTreeTest.testFractionalDivision(ExpressionTreeTest)
ExpressionTree.java,expression.ExpressionTree$OperatorNode,org.pitest.mutationtest.engine.gregor.mutators.RemoveConditionalMutator_EQUAL_ELSE,evaluate,98,KILLED,ExpressionTreeTest.testDivisionByZeroComplex(ExpressionTreeTest)
ExpressionTree.java,expression.ExpressionTree$OperatorNode,org.pitest.mutationtest.engine.gregor.mutators.RemoveConditionalMutator_EQUAL_IF,evaluate,98,KILLED,ExpressionTreeTest.testFractionalDivision(ExpressionTreeTest)
ExpressionTree.java,expression.ExpressionTree$OperatorNode,org.pitest.mutationtest.engine.gregor.mutators.returns.PrimitiveReturnsMutator,evaluate,92,KILLED,ExpressionTreeTest.testWhitespaceHandling(ExpressionTreeTest)
ExpressionTree.java,expression.ExpressionTree$OperatorNode,org.pitest.mutationtest.engine.gregor.mutators.returns.PrimitiveReturnsMutator,evaluate,94,KILLED,ExpressionTreeTest.testZeroInOperations(ExpressionTreeTest)
ExpressionTree.java,expression.ExpressionTree$OperatorNode,org.pitest.mutationtest.engine.gregor.mutators.returns.PrimitiveReturnsMutator,evaluate,96,KILLED,ExpressionTreeTest.testOperatorPrecedenceInPostfix(ExpressionTreeTest)
ExpressionTree.java,expression.ExpressionTree$OperatorNode,org.pitest.mutationtest.engine.gregor.mutators.returns.PrimitiveReturnsMutator,evaluate,101,KILLED,ExpressionTreeTest.testFractionalDivision(ExpressionTreeTest)
ExpressionTree.java,expression.ExpressionTree$OperatorNode,org.pitest.mutationtest.engine.gregor.mutators.MathMutator,getHeight,155,NO_COVERAGE,none
ExpressionTree.java,expression.ExpressionTree$OperatorNode,org.pitest.mutationtest.engine.gregor.mutators.returns.PrimitiveReturnsMutator,getHeight,155,NO_COVERAGE,none
ExpressionTree.java,expression.ExpressionTree$OperatorNode,org.pitest.mutationtest.engine.gregor.mutators.NegateConditionalsMutator,textTree,136,KILLED,ExpressionTreeTest.testComplexTextTree(ExpressionTreeTest)
ExpressionTree.java,expression.ExpressionTree$OperatorNode,org.pitest.mutationtest.engine.gregor.mutators.RemoveConditionalMutator_EQUAL_ELSE,textTree,136,KILLED,ExpressionTreeTest.testComplexTextTree(ExpressionTreeTest)
ExpressionTree.java,expression.ExpressionTree$OperatorNode,org.pitest.mutationtest.engine.gregor.mutators.RemoveConditionalMutator_EQUAL_IF,textTree,136,SURVIVED,none
Interval.java,intervals.Interval,org.pitest.mutationtest.engine.gregor.mutators.ConditionalsBoundaryMutator,<init>,19,KILLED,IntervalTreeTest.testNoIntersection(IntervalTreeTest)
Interval.java,intervals.Interval,org.pitest.mutationtest.engine.gregor.mutators.NegateConditionalsMutator,<init>,19,KILLED,IntervalTreeTest.testSingleInterval(IntervalTreeTest)
Interval.java,intervals.Interval,org.pitest.mutationtest.engine.gregor.mutators.RemoveConditionalMutator_ORDER_ELSE,<init>,19,KILLED,IntervalTreeTest.testInvalidIntervalOrder(IntervalTreeTest)
Interval.java,intervals.Interval,org.pitest.mutationtest.engine.gregor.mutators.RemoveConditionalMutator_ORDER_IF,<init>,19,KILLED,IntervalTreeTest.testSingleInterval(IntervalTreeTest)
Interval.java,intervals.Interval,org.pitest.mutationtest.engine.gregor.mutators.ConditionalsBoundaryMutator,intersect,38,KILLED,IntervalTreeTest.testExamplesFromAssignment(IntervalTreeTest)
Interval.java,intervals.Interval,org.pitest.mutationtest.engine.gregor.mutators.NegateConditionalsMutator,intersect,38,KILLED,IntervalTreeTest.testChainedIntersections(IntervalTreeTest)
Interval.java,intervals.Interval,org.pitest.mutationtest.engine.gregor.mutators.RemoveConditionalMutator_ORDER_ELSE,intersect,38,KILLED,IntervalTreeTest.testNoIntersection(IntervalTreeTest)
Interval.java,intervals.Interval,org.pitest.mutationtest.engine.gregor.mutators.RemoveConditionalMutator_ORDER_IF,intersect,38,KILLED,IntervalTreeTest.testChainedIntersections(IntervalTreeTest)
Interval.java,intervals.Interval,org.pitest.mutationtest.engine.gregor.mutators.returns.NullReturnValsMutator,intersect,41,KILLED,IntervalTreeTest.testChainedIntersections(IntervalTreeTest)
Interval.java,intervals.Interval,org.pitest.mutationtest.engine.gregor.mutators.returns.NullReturnValsMutator,union,51,KILLED,IntervalTreeTest.testVeryLongExpression(IntervalTreeTest)
IntervalTree.java,intervals.IntervalTree$OperatorNode,org.pitest.mutationtest.engine.gregor.mutators.returns.NullReturnValsMutator,evaluate,68,KILLED,IntervalTreeTest.testVeryLongExpression(IntervalTreeTest)
IntervalTree.java,intervals.IntervalTree$OperatorNode,org.pitest.mutationtest.engine.gregor.mutators.returns.NullReturnValsMutator,evaluate,70,KILLED,IntervalTreeTest.testChainedIntersections(IntervalTreeTest)
IntervalTree.java,intervals.IntervalTree$OperatorNode,org.pitest.mutationtest.engine.gregor.mutators.MathMutator,getHeight,113,NO_COVERAGE,none
IntervalTree.java,intervals.IntervalTree$OperatorNode,org.pitest.mutationtest.engine.gregor.mutators.returns.PrimitiveReturnsMutator,getHeight,113,NO_COVERAGE,none
IntervalTree.java,intervals.IntervalTree$OperatorNode,org.pitest.mutationtest.engine.gregor.mutators.NegateConditionalsMutator,textTree,94,KILLED,IntervalTreeTest.testSimpleIntersection(IntervalTreeTest)
IntervalTree.java,intervals.IntervalTree$OperatorNode,org.pitest.mutationtest.engine.gregor.mutators.RemoveConditionalMutator_EQUAL_ELSE,textTree,94,KILLED,IntervalTreeTest.testSimpleIntersection(IntervalTreeTest)
IntervalTree.java,intervals.IntervalTree$OperatorNode,org.pitest.mutationtest.engine.gregor.mutators.RemoveConditionalMutator_EQUAL_IF,textTree,94,SURVIVED,none
IntervalTree.java,intervals.IntervalTree$IntervalNode,org.pitest.mutationtest.engine.gregor.mutators.returns.NullReturnValsMutator,evaluate,33,KILLED,IntervalTreeTest.testSingleInterval(IntervalTreeTest)
IntervalTree.java,intervals.IntervalTree$IntervalNode,org.pitest.mutationtest.engine.gregor.mutators.returns.PrimitiveReturnsMutator,getHeight,43,NO_COVERAGE,none
